{"cameraMode":{"drawMode":0,"name":"Shaded","section":"Shading Mode"},"sceneLighting":true,"audioPlay":false,"sceneViewState":{"showFog":true,"showMaterialUpdate":false,"showSkybox":true,"showFlares":true,"showImageEffects":true,"showParticleSystems":true},"in2DMode":false,"pivot":{"x":3.890000104904175,"y":0.5,"z":10.819999694824219},"rotation":{"x":0.1984802484512329,"y":0.0052938093431293968,"z":-0.00107292621396482,"w":0.9800900220870972},"size":36.699275970458987,"orthographic":false}