{"cameraMode":{"drawMode":0,"name":"Shaded","section":"Shading Mode"},"sceneLighting":true,"audioPlay":false,"sceneViewState":{"showFog":true,"showMaterialUpdate":false,"showSkybox":false,"showFlares":true,"showImageEffects":true,"showParticleSystems":true},"in2DMode":false,"pivot":{"x":-79.2760009765625,"y":3.940000295639038,"z":20.086000442504884},"rotation":{"x":0.2576839327812195,"y":0.43139058351516726,"z":-0.13005459308624268,"w":0.8547437787055969},"size":3.9256770610809328,"orthographic":false}