{"cameraMode":{"drawMode":0,"name":"Shaded","section":"Shading Mode"},"sceneLighting":true,"audioPlay":false,"sceneViewState":{"showFog":true,"showMaterialUpdate":false,"showSkybox":true,"showFlares":true,"showImageEffects":true,"showParticleSystems":true},"in2DMode":false,"pivot":{"x":13.506389617919922,"y":11.452571868896485,"z":36.16278839111328},"rotation":{"x":0.10571069270372391,"y":-0.8873485922813416,"z":0.2530580461025238,"w":0.37067434191703799},"size":54.744205474853519,"orthographic":false}