{"cameraMode":{"drawMode":0,"name":"Shaded","section":"Shading Mode"},"sceneLighting":true,"audioPlay":false,"sceneViewState":{"showFog":true,"showMaterialUpdate":true,"showSkybox":true,"showFlares":true,"showImageEffects":true,"showParticleSystems":true},"in2DMode":false,"pivot":{"x":-78.12627410888672,"y":-3.613199234008789,"z":27.786155700683595},"rotation":{"x":0.22119440138339997,"y":0.23260149359703065,"z":-0.054425474256277087,"w":0.9455196857452393},"size":25.825183868408204,"orthographic":false}