{"cameraMode":{"drawMode":0,"name":"Shaded","section":"Shading Mode"},"sceneLighting":true,"audioPlay":false,"sceneViewState":{"showFog":true,"showMaterialUpdate":false,"showSkybox":true,"showFlares":true,"showImageEffects":true,"showParticleSystems":true},"in2DMode":false,"pivot":{"x":-0.2563629150390625,"y":-2.388650894165039,"z":-1.2027530670166016},"rotation":{"x":0.13203710317611695,"y":-0.8061680197715759,"z":0.196266308426857,"w":0.5423458218574524},"size":24.255619049072267,"orthographic":false}