{"cameraMode":{"drawMode":0,"name":"Shaded","section":"Shading Mode"},"sceneLighting":true,"audioPlay":false,"sceneViewState":{"showFog":true,"showMaterialUpdate":false,"showSkybox":false,"showFlares":true,"showImageEffects":true,"showParticleSystems":true},"in2DMode":false,"pivot":{"x":-79.37213897705078,"y":2.37557053565979,"z":19.74115753173828},"rotation":{"x":0.14068198204040528,"y":-0.14996987581253053,"z":0.021564170718193055,"w":0.9783928394317627},"size":3.6256771087646486,"orthographic":false}