{"cameraMode":{"drawMode":0,"name":"Shaded","section":"Shading Mode"},"sceneLighting":true,"audioPlay":false,"sceneViewState":{"showFog":true,"showMaterialUpdate":false,"showSkybox":true,"showFlares":true,"showImageEffects":true,"showParticleSystems":true},"in2DMode":false,"pivot":{"x":-44.72873306274414,"y":1.1078758239746094,"z":8.293344497680664},"rotation":{"x":0.23794780671596528,"y":0.18456371128559113,"z":-0.04610958695411682,"w":0.9524657726287842},"size":74.98563385009766,"orthographic":false}