{"cameraMode":{"drawMode":0,"name":"Shaded","section":"Shading Mode"},"sceneLighting":false,"audioPlay":false,"sceneViewState":{"showFog":true,"showMaterialUpdate":false,"showSkybox":false,"showFlares":true,"showImageEffects":true,"showParticleSystems":true},"in2DMode":false,"pivot":{"x":5.760000228881836,"y":0.9600000381469727,"z":-5.360000133514404},"rotation":{"x":0.1308407187461853,"y":-0.5470641255378723,"z":0.0870554968714714,"w":0.8222061991691589},"size":2.8578836917877199,"orthographic":false}