{"cameraMode":{"drawMode":0,"name":"Shaded","section":"Shading Mode"},"sceneLighting":true,"audioPlay":false,"sceneViewState":{"showFog":true,"showMaterialUpdate":false,"showSkybox":true,"showFlares":true,"showImageEffects":true,"showParticleSystems":true},"in2DMode":false,"pivot":{"x":-79.2760009765625,"y":4.034999847412109,"z":20.086000442504884},"rotation":{"x":0.1984802484512329,"y":0.0052938093431293968,"z":-0.00107292621396482,"w":0.9800900220870972},"size":41.190189361572269,"orthographic":false}