{"cameraMode":{"drawMode":0,"name":"Shaded","section":"Shading Mode"},"sceneLighting":true,"audioPlay":false,"sceneViewState":{"showFog":true,"showMaterialUpdate":true,"showSkybox":true,"showFlares":true,"showImageEffects":true,"showParticleSystems":true},"in2DMode":false,"pivot":{"x":-49.11700439453125,"y":-2.5848379135131838,"z":14.370922088623047},"rotation":{"x":0.0790167897939682,"y":0.1323992758989334,"z":-0.01059939619153738,"w":0.9879850745201111},"size":63.11806106567383,"orthographic":false}