{"cameraMode":{"drawMode":0,"name":"Shaded","section":"Shading Mode"},"sceneLighting":true,"audioPlay":false,"sceneViewState":{"showFog":true,"showMaterialUpdate":false,"showSkybox":true,"showFlares":true,"showImageEffects":true,"showParticleSystems":true},"in2DMode":false,"pivot":{"x":365.01806640625,"y":209.20726013183595,"z":-0.4401499032974243},"rotation":{"x":0.010793550871312619,"y":-0.05456682667136192,"z":0.0005899906391277909,"w":0.9984516501426697},"size":444.82049560546877,"orthographic":false}