{"cameraMode":{"drawMode":0,"name":"Shaded","section":"Shading Mode"},"sceneLighting":true,"audioPlay":false,"sceneViewState":{"showFog":true,"showMaterialUpdate":false,"showSkybox":true,"showFlares":true,"showImageEffects":true,"showParticleSystems":true},"in2DMode":false,"pivot":{"x":-77.54000091552735,"y":6.320000171661377,"z":-9.64987564086914},"rotation":{"x":0.16153177618980409,"y":-0.37760281562805178,"z":0.06707789748907089,"w":0.9092987775802612},"size":34.96586608886719,"orthographic":false}